images,url,image_urls,title
,https://imgur.com/IOQMh8U,https://imgur.com/IOQMh8U,
"[{'url': 'https://i.imgur.com/bpMbeoh.jpg', 'path': 'full/dec4b0c0b3a0f4198914788c7335c6c1e74b6b1a.jpg', 'checksum': '02920d6891464149457bff19ae36d3ad'}]",https://i.imgur.com/bpMbeoh.jpg,https://i.imgur.com/bpMbeoh.jpg,
"[{'url': 'https://i.imgur.com/6bD1DiM.jpg', 'path': 'full/28bd0bfd9921cdfe9da2d1675358ec19e121b4bb.jpg', 'checksum': '5702d8ae566cb19a33cdeb59f6183e5c'}]",https://i.imgur.com/6bD1DiM.jpg,https://i.imgur.com/6bD1DiM.jpg,
"[{'url': 'https://i.imgur.com/WjO9XPj.jpg', 'path': 'full/d57049724b4380ea2b4c4e268a911d34ad542f46.jpg', 'checksum': '1df711c16c55a7bc0775c960fe0a7235'}]",https://i.imgur.com/WjO9XPj.jpg,https://i.imgur.com/WjO9XPj.jpg,
"[{'url': 'https://i.imgur.com/6Q5zfrp.jpg', 'path': 'full/d35e058bfd6e0e1b7c49de2b8d6c16fb3a77f532.jpg', 'checksum': '230fe4d30fbd6ed1b96e147d0403a24e'}]",https://i.imgur.com/6Q5zfrp.jpg,https://i.imgur.com/6Q5zfrp.jpg,
"[{'url': 'https://i.imgur.com/tl6BjS8.jpg', 'path': 'full/a441cfd337b4e5cbc8ff744a202a67e764b6b658.jpg', 'checksum': '2b8f813b209086910fc8b1c0dd9e2a6d'}]",https://i.imgur.com/tl6BjS8.jpg,https://i.imgur.com/tl6BjS8.jpg,
,https://imgur.com/w5i3ACL,https://imgur.com/w5i3ACL,
"[{'url': 'https://i.imgur.com/ZTTmZGG.jpg', 'path': 'full/044a5354027b32f5e6dd4b4fa6e644484e08d800.jpg', 'checksum': 'c12e462e6b8074abf21a19a02522aedc'}]",https://i.imgur.com/ZTTmZGG.jpg,https://i.imgur.com/ZTTmZGG.jpg,
,https://imgur.com/hG14ELN,https://imgur.com/hG14ELN,
"[{'url': 'https://i.imgur.com/OBVshga.jpg', 'path': 'full/9fcbc89709196b4abd6bf564468d192e981b1307.jpg', 'checksum': '158c2fe4cdacf52476d651dc9941ebdd'}]",https://i.imgur.com/OBVshga.jpg,https://i.imgur.com/OBVshga.jpg,
,http://imgur.com/2bRNxFC,http://imgur.com/2bRNxFC,
,http://imgur.com/s0mforw,http://imgur.com/s0mforw,
"[{'url': 'https://i.imgur.com/upzphz9.jpg', 'path': 'full/b75c847a0149b7e5b772dc22f3cac9fccea85789.jpg', 'checksum': '269cc6daea2a0b770db69ccb210bc254'}]",https://i.imgur.com/upzphz9.jpg,https://i.imgur.com/upzphz9.jpg,
"[{'url': 'https://i.imgur.com/jzPHehH.jpg', 'path': 'full/7b4485bf7333ad0b086d43c3ed210a05e1db5b7e.jpg', 'checksum': '85fdb05e44ecf0f82f88324a08d7c7c8'}]",https://i.imgur.com/jzPHehH.jpg,https://i.imgur.com/jzPHehH.jpg,
,https://imgur.com/V9X7OaC,https://imgur.com/V9X7OaC,
,https://imgur.com/O2zDjSL,https://imgur.com/O2zDjSL,
,https://imgur.com/1FZY7Jj.jpg,https://imgur.com/1FZY7Jj.jpg,
"[{'url': 'https://i.imgur.com/YITuosP.jpg', 'path': 'full/9e976d367975f4f93290424858bb01aea7ca144d.jpg', 'checksum': '248308fed598fc47eff3177886450274'}]",https://i.imgur.com/YITuosP.jpg,https://i.imgur.com/YITuosP.jpg,
,https://imgur.com/gallery/083Po,https://imgur.com/gallery/083Po,
,https://imgur.com/CtWKp4M,https://imgur.com/CtWKp4M,
,https://imgur.com/a/wCWro,https://imgur.com/a/wCWro,
,https://imgur.com/ZsaXmep,https://imgur.com/ZsaXmep,
,https://imgur.com/a/rHmNe,https://imgur.com/a/rHmNe,
"[{'url': 'https://i.imgur.com/H5GPwPL.jpg', 'path': 'full/e6532a274e25080da448d56cae44cad8ed6ab54a.jpg', 'checksum': 'e7a2d37b684848e8ca6384e30cccf5d4'}]",https://i.imgur.com/H5GPwPL.jpg,https://i.imgur.com/H5GPwPL.jpg,
"[{'url': 'https://i.imgur.com/Leb68cX.png', 'path': 'full/befd96005447d74563869ca30bbc10fe693d7fbf.jpg', 'checksum': '677fa051bad4230406872a9d4faf725d'}]",https://i.imgur.com/Leb68cX.png,https://i.imgur.com/Leb68cX.png,
"[{'url': 'https://i.imgur.com/A4nSPhK.jpg', 'path': 'full/9f8cfcb56924dec0b438ee0cf32d534f313b7bb5.jpg', 'checksum': '1265f4200dc4faf63dd6131dec42abb8'}]",https://i.imgur.com/A4nSPhK.jpg,https://i.imgur.com/A4nSPhK.jpg,
,https://imgur.com/a/hAHGX,https://imgur.com/a/hAHGX,
,https://imgur.com/Jo0VZ9j,https://imgur.com/Jo0VZ9j,
,http://imgur.com/GcDiws8,http://imgur.com/GcDiws8,
,https://imgur.com/LLS583w,https://imgur.com/LLS583w,
,https://imgur.com/a/tbUzK,https://imgur.com/a/tbUzK,
"[{'url': 'https://i.imgur.com/tq9WG4d.jpg', 'path': 'full/af42fad73356440d593f0bc78ae40113a5490536.jpg', 'checksum': 'ced7fe50b991e46fb2da642029362057'}]",https://i.imgur.com/t