MacBook,Brand
MacBook,Laptop
MacBook,Apple Inc.
MacBook,IBook
MacBook,PowerBook
MacBook,MacBook family
MacBook,MacBook Air
MacBook,MacBook Pro
MacBook,Macintosh
MacBook,Polycarbonate
MacBook,Fiberglass
MacBook,Aluminum
MacBook,MacBook (Retina)
MacBook,MagSafe
MacBook,USB-C
MacBook,Intel
MacBook,Yonah (microprocessor)
MacBook,List of Intel chipsets
MacBook,Chipset
MacBook,GMA 950
MacBook,Front side bus
MacBook,Intel Core 2
MacBook,List of Intel chipsets
MacBook,GMA X3100
MacBook,MagSafe
MacBook,Mini-VGA
MacBook,Mini-DVI
MacBook,Intel GMA
MacBook,Nvidia
MacBook,GeForce
MacBook,PowerBook G4
MacBook,IMac
MacBook,Numeric keypad
MacBook,Command key
MacBook,IBook G3
MacBook,Serviceability (computer)
MacBook,Wikipedia:Citation needed
MacBook,AppleCare
MacBook,Wikipedia:Citation needed
MacBook,Wikipedia:Citation needed
MacBook,Apple Remote
MacBook,3 GB barrier
MacBook,Nvidia
MacBook,Cupertino, California
MacBook,DDR3 SDRAM
MacBook,Nvidia
MacBook,GeForce
MacBook,Light-emitting diode
MacBook,Mini DisplayPort
MacBook,Multi-touch
MacBook,Touchpad
MacBook,Mouse (computing)
MacBook,IEEE 1394 interface
MacBook,Target Disk Mode
MacBook,Booting
MacBook,Gizmodo
MacBook,AppleInsider
MacBook,Engadget
MacBook,Wired News
MacBook,Macworld
MacBook,Solid-state drive
MacBook,DDR3
MacBook,Line (electrical engineering)
MacBook,Oleophobic
MacBook,Multi-touch
MacBook,Rubber
MacBook,Macworld
MacBook,Gizmodo
MacBook,Secure Digital
MacBook,Engadget
MacBook,AppleInsider
MacBook,Solid-state drive
MacBook,ISeeYou
Brand,Business
Brand,Marketing
Brand,Advertising
Brand,Livestock branding
Brand,Branding iron
Brand,Marketing
Brand,Company
Brand,Customer
Brand,Logo
Brand,Trademark
Brand,Brand awareness
Brand,Brand loyalty
Brand,Brand management
Brand,Brand equity
Brand,Product differentiation
Brand,Intangible asset
Brand,Brand valuation
Brand,Metonymy
Brand,wikt:marque
Brand,wikt:make
Brand,Motor vehicle
Brand,Car model
Brand,Breast cancer awareness
Brand,Environmentalism
Brand,Commodity
Brand,Sophilos
Brand,Hallmark
Brand,Byzantine
Brand,Indus Valley Civilization
Brand,Vedic period
Brand,Chyawanprash
Brand,Rishi
Brand,Dhosi Hill
Brand,Titulus pictus
Brand,Ancient Rome
Brand,Ennion
Brand,Titulus pictus
Brand,Garum
Brand,Amphora
Brand,Merchant
Brand,Guild
Brand,Watermark
Brand,Blind Stamp
Brand,Hallmark
Brand,Good (economics)
Brand,Industrialisation
Brand,Soap
Brand,Factory
Brand,Wood branding
Brand,Logo
Brand,Insignia
Brand,Industrial Revolution
Brand,Pears (soap)
Brand,Campbell Soup Company
Brand,Coca-Cola
Brand,Juicy Fruit
Brand,Aunt Jemima
Brand,Quaker Oats Company
Brand,Uncle Ben's
Brand,Kellogg's
Brand,Bass Brewery
Brand,United Kingdom
Brand,Brewery
Brand,Tate & Lyle
Brand,Golden syrup
Brand,Italy
Brand,St. Peter's Basilica
Brand,Vatican City
Brand,James Walter Thompson
Brand,Trademark
Brand,Slogan
Brand,Mascot
Brand,Jingle
Brand,Radio
Brand,Television
Brand,Brand identity
Brand,Personality
Brand,Value (ethics)
Brand,Brand equity
Brand,Altria Group
Brand,Kraft Foods
Brand,Marlboro Friday
Brand,Altria Group
Brand,Marlboro (cigarette)
Brand,Cigarette
Brand,Wikipedia:Manual of Style/Words to watch
Brand,Advertising
Brand,Wall Street
Brand,Heinz
Brand,Coca-Cola
Brand,Quaker Oats Company
Brand,PepsiCo
Brand,Tide (brand)
Brand,Lysol
Brand,Wikipedia:Citation needed
Brand,Design
Brand,Team
Brand,Personality
Brand,Wikipedia:Citation needed
Brand,Wikipedia:Manual of Style/Words to watch
Brand,Wikipedia:Manual of Style/Words to watch
Brand,Brand experience
Brand,Wikipedia:Citation needed
Brand,Wikipedia:Citation needed
Brand,Wikipedia:Citation needed
Brand,Advertising theme (page does not exist)
Brand,Market (place)
Brand,Wikipedia:Please clarify
Brand,Brand management
Brand,Brand orientation
Brand,Market intelligence
Brand,Wikipedia:Citation needed
Brand,Target audience
Brand,Wikipedia:Manual of Style/Words to watch
Brand,Wikipedia:Manual of Style/Words to watch
Brand,Brand recognition
Brand,Brand franchise (page does not exist)
Brand,The Walt Disney Company
Brand,Go.com
Brand,Wikipedia:Citation needed
Brand,Generic brand
Brand,Wikipedia:Citation needed
Brand,Wikipedia:Citation needed
Brand,Wikipedia:Citation needed
Brand,Wikipedia:Citation needed
Brand,Brand awareness
Brand,Wikipedia:Manual of Style/Dates and numbers
Brand,Wikipedia:Manual of Style/Words to watch
Brand,Touchpoint
Brand,Marketing mix modeling
Brand,Marketing leader (page does not exist)
Brand,Value proposition
Brand,Brand valuation
Brand,Wikipedia:Citation needed
Brand,Wikipedia:Manual of Style/Words to watch
Brand,Brand equity
Brand,Integrated marketing communications
Brand,Stakeholder (disambiguation)
Brand,Wikipedia:Manual of Style/Words to watch
Brand,Touchpoint
Brand,Wikipedia:Citing sources
Brand,Customer experience
Brand,Business sector
Brand,Consumer
Brand,Electronic word-of mouth
Brand,Wikipedia:Manual of Style/Dates and numbers
Brand,Wikipedia:Manual of Style/Words to watch
Brand,Social networking service
Brand,Twitter
Brand,Social-media marketing
Brand,Wikipedia:Manual of Style/Words to watch
Brand,Wikipedia:Please clarify
Brand,Consumer lifestyle (page does not exist)
Brand,Wikipedia:Manual of Style/Dates and numbers
Brand,Wikipedia:Manual of Style/Words to watch
Brand,Trademark
Brand,Intellectual property
Brand,Wikipedia:Manual of Style/Words to watch
Brand,Mr. Whipple
Brand,Charmin
Brand,Tony the Tiger
Brand,Frosted Flakes
Brand,Brand valuation
Brand,Marketing mix modeling
Brand,Trademark
Brand,Popular culture
Brand,Salt
Brand,Designer clothing
Brand,Generic trademark
Brand,Colloquialism
Brand,Band-Aid
Brand,Nylon
Brand,Kleenex
Brand,Xerox
Brand,Synonym
Brand,Kinder Chocolate
Brand,Coca-Cola
Brand,Special edition
Brand,Open Knowledge International
Brand,BSIN
Brand,BSIN
Brand,Open Knowledge International
Brand,Logo
Brand,Ludwig Mies van der Rohe
Brand,Paul Rand
Brand,Chermayeff & Geismar (later Chermayeff, Geismar & Haviv) (page does not exist)
Brand,Saul Bass
Brand,Wikipedia:Citation needed
Brand,The Brand Trust Report
Brand,Wikipedia:Manual of Style/Words to watch
Brand,Wikipedia:Manual of Style/Words to watch
Brand,Wikipedia:Manual of Style/Words to watch
Brand,Wikipedia:Citation needed
Brand,General Motors
Brand,Brand architecture
Brand,Product naming
Brand,Mercedes-Benz
Brand,Black & Decker
Brand,Cadbury
Brand,Cadbury Fingers
Brand,7 Up
Brand,Kool-Aid
Brand,Nivea
Brand,Beiersdorf
Brand,Persil
Brand,Surf (detergent)
Brand,Axe (brand)
Brand,Unilever
Brand,Microsoft
Brand,Samsung
Brand,Apple Inc.
Brand,Sony
Brand,Virgin Group
Brand,Church & Dwight
Brand,Arm & Hammer (brand)
Brand,Campbell Soup Company
Brand,Gatorade
Brand,Porsche
Brand,Porsche Boxster/Cayman
Brand,Porsche Carrera
Brand,Kimberly-Clark
Brand,Honda
Brand,Huggies
Brand,Lewis Road Creamery
Brand,Procter & Gamble
Brand,Head & Shoulders
Brand,Oral-B
Brand,Vicks
Brand,Downy
Brand,Coca-Cola
Brand,Nestl√©
Brand,Kellogg's
Brand,Mars, Incorporated
Brand,Unilever
Brand,Qantas
Brand,Jetstar Airways
Brand,Virgin Australia
Brand,Woolworths Supermarkets
Brand,Coles Supermarkets
Brand,Ralcorp
Brand,Spectrum Brands
Brand,Costco
Brand,Walmart
Brand,RadioShack
Brand,Sears
Brand,Kroger
Brand,Macy's
Brand,Elizabeth Arden, Inc.
Brand,Walmart
Brand,Whirlpool Corporation
Brand,Del Monte Foods
Brand,Dial (soap)
Brand,Michelin
Brand,Seiko Epson
Brand,Microsoft
Brand,Gillette (brand)
Brand,Toyota
Brand,Sears
Brand,Lexus
Brand,Consumption (economics)
Brand,Marketing
Brand,Nike, Inc.
Brand,Starbucks
Brand,The Body Shop
Brand,Safeway Inc.
Brand,Apple Inc.
Brand,No Logo
Brand,Naomi Klein
Brand,Apple Inc.
Brand,Ben & Jerry's
Brand,Chanel
Brand,Howard Schultz
Brand,Starbucks
Brand,Apple Inc.
Brand,Nike, Inc.
Brand,Harley-Davidson
Brand,Generic brand
Brand,Japan
Brand,Muji
Brand,Intel
Brand,Personal computer
Brand,Intel Inside
Brand,Fashion
Brand,Fashion accessory
Brand,Interior design
Brand,Baggage
Brand,Caterpillar Inc.
Brand,Michelin
Brand,Adidas
Brand,Puma SE
Brand,Dunlop (brands)
Brand,Coca-Cola
Brand,Procter & Gamble
Brand,Wikipedia:Citation needed
Brand,Procter & Gamble
Brand,Sara Lee Corporation
Brand,Marriott International
Brand,Fairfield Inn by Marriott
Brand,Choice Hotels
Brand,Rodeway Inn
Brand,Cannibalization (marketing)
Brand,Private label
Brand,Own brand
Brand,Store brand
Brand,Marks & Spencer
Brand,United Kingdom
Brand,Non-governmental organization
Brand,Nonprofit organization
Brand,Amnesty International
Brand,Habitat for Humanity
Brand,World Wide Fund for Nature
Brand,AIESEC
Brand,Coca-Cola
Brand,Wikipedia:Citation needed
Brand,AirBNB
Brand,Nation branding
Brand,Place branding
