Dell Inspiron,Help:IPA/English
Dell Inspiron,Help:Pronunciation respelling key
Dell Inspiron,Dell
Dell Inspiron,Laptop
Dell Inspiron,Celeron
Dell Inspiron,Pentium II
Dell Inspiron,Acer Inc.
Dell Inspiron,Acer Aspire
Dell Inspiron,Asus
Dell Inspiron,Zenbook
Dell Inspiron,HP Inc.
Dell Inspiron,HP Pavilion (computer)
Dell Inspiron,HP Envy
Dell Inspiron,Lenovo
Dell Inspiron,IdeaPad
Dell Inspiron,Toshiba
Dell Inspiron,Toshiba Satellite
Dell Inspiron,Wikipedia:Citation needed
Dell Inspiron,Dell
Dell Inspiron,AT&T Inc.
Dell Inspiron,Gigabyte
Dell Inspiron,Windows Vista
Dell Inspiron,Dell Inspiron 11 3000 Series 2-in-1
Dell Inspiron,Acer Aspire R 11 (page does not exist)
Dell Inspiron,Asus Transformer Book Flip TP200 (page does not exist)
Dell Inspiron,HP Pavilion x360
Dell Inspiron,HP Stream x360 (page does not exist)
Dell Inspiron,Lenovo Yoga 2 11 (page does not exist)
Dell Inspiron,Toshiba Satellite Radius 11 (page does not exist)
Dell Inspiron,USB 3.0
Dell Inspiron,USB 2.0
Dell Inspiron,SO-DIMM
Dell Inspiron,Realtek
Dell Inspiron,Serial ATA
Dell Inspiron,USB 3.0
Dell Inspiron,USB 2.0
Dell Inspiron,Celeron
Dell Inspiron,Pentium
Dell Inspiron,Secure Digital
Dell Inspiron,Kaby Lake
Dell Inspiron,Dell Inspiron 13 7000 Series 2-in-1 (page does not exist)
Dell Inspiron,Acer Aspire R 14 (page does not exist)
Dell Inspiron,Asus Transformer Book Flip TP300 (page does not exist)
Dell Inspiron,HP Pavilion 13 x360 (page does not exist)
Dell Inspiron,Lenovo Yoga 3 14 (page does not exist)
Dell Inspiron,Samsung Notebook 7 spin (13-inch) (page does not exist)
Dell Inspiron,Toshiba Satellite Radius 12 (page does not exist)
Dell Inspiron,Toshiba Satellite Radius 14 (page does not exist)
Dell Inspiron,Dell Inspiron 15 7000 Series 2-in-1 (page does not exist)
Dell Inspiron,Acer Aspire R 15 (page does not exist)
Dell Inspiron,Asus Transformer Book Flip TP500 (page does not exist)
Dell Inspiron,Asus Transformer Book Flip TP550 (page does not exist)
Dell Inspiron,HP Envy x360 (page does not exist)
Dell Inspiron,Lenovo Flex 2 15 (page does not exist)
Dell Inspiron,Lenovo Flex 3 15 (page does not exist)
Dell Inspiron,Samsung Notebook 7 spin (15-inch) (page does not exist)
Dell Inspiron,Toshiba Satellite Fusion (page does not exist)
Dell Inspiron,2-in-1 convertible
Dell Inspiron,Dell Technologies
Dell Inspiron,Nvidia
Dell Inspiron,GeForce 800M series
Dell Inspiron,Intel
Dell Inspiron,DDR3L
Dell Inspiron,RAM
Dell Inspiron,GeForce 900 series
Dell Inspiron,DDR3L
Dell Inspiron,RAM
Dell Inspiron,HP Pavilion Gaming Series (page does not exist)
Dell Inspiron,HP Omen (page does not exist)
Dell Inspiron,HP Omen (17-inch) (page does not exist)
Dell Inspiron,GeForce 10 series
Dell Inspiron,Input/output
Dell Inspiron,Secure Digital
Dell Inspiron,MultiMediaCard
Dell Inspiron,Dell Dimension
Dell Inspiron,Mac Mini
Dell Inspiron,Intel
Dell Inspiron,Central processing unit
Dell Inspiron,AMD
Dell Inspiron,Central processing unit
Dell Inspiron,Intel Core 2 Quad
Dell Inspiron,Intel Core 2 Duo
Dell Inspiron,Intel Pentium Dual-Core
Dell Inspiron,Intel Celeron
Dell Inspiron,List of AMD accelerated processing unit microprocessors
Dell Inspiron,AMD Phenom
Dell Inspiron,USB 2.0
Dell Inspiron,USB 2.0
Dell Inspiron,Input/output
Dell Inspiron,IEEE 1394
Dell Inspiron,RJ45 (computers)
Dell Inspiron,Motherboard
Dell Inspiron,DDR2 SDRAM
Dell Inspiron,Conventional PCI
Dell Inspiron,PCI Express
Dell Inspiron,PCI Express
Dell Inspiron,GMA 3100
Dell Inspiron,DDR2 SDRAM
Dell Inspiron,PCI Express
Dell Inspiron,Wikipedia:Manual of Style/Dates and numbers
Dell Inspiron,Intel
Dell Inspiron,Central processing unit
Dell Inspiron,AMD
Dell Inspiron,Central processing unit
Dell Inspiron,Intel Core 2 Quad
Dell Inspiron,Intel Core 2 duo
Dell Inspiron,Intel Pentium Dual-Core
Dell Inspiron,Intel Celeron
Dell Inspiron,DDR3 SDRAM
Dell Inspiron,Motherboard
Dell Inspiron,DDR3 SDRAM
Dell Inspiron,Conventional PCI
Dell Inspiron,PCI Express
Dell Inspiron,PCI Express
Dell Inspiron,Input/output
Dell Inspiron,RJ45 (computers)
Dell Inspiron,Motherboard
Dell Inspiron,List of Intel Core i3 microprocessors
Dell Inspiron,List of Intel Core i5 microprocessors
Dell Inspiron,Pentium
Dell Inspiron,DDR3 SDRAM
Dell Inspiron,USB 3.0
Dell Inspiron,USB 2.0
Dell Inspiron,Secure Digital
Dell Inspiron,Sdhc
Dell Inspiron,SDXC
Dell Inspiron,MultiMediaCard
Dell Inspiron,MultiMediaCard
Dell Inspiron,List of Intel Core i3 microprocessors
Dell Inspiron,List of Intel Core i5 microprocessors
Dell Inspiron,List of Intel Core i7 microprocessors
Dell Inspiron,Celeron
Dell Inspiron,Pentium
Dell Inspiron,PCI Express
Dell Inspiron,PCI Express
Dell Inspiron,Serial ATA
Dell Inspiron,AMD Ryzen
Dell Inspiron,Kaby Lake
Dell Inspiron,Hard disk drive
Dell Inspiron,Intel HD Graphics
Dell Inspiron,Lundell Settlement
Dell Inspiron,Operating temperature
Dell Inspiron,Wikipedia:Citation needed
Dell Inspiron,Solder
Dell Inspiron,Lundell Settlement
Dell Inspiron,Dell
Dell Inspiron,Wikipedia:Citation needed
Dell Inspiron,AC adapter
Dell Inspiron,UniqueWareâ„¢ (page does not exist)
Help:IPA/English,International Phonetic Alphabet
Help:IPA/English,Template:IPAc-en
Help:IPA/English,Help:IPA
Help:IPA/English,English orthography
Help:IPA/English,English orthography
Help:IPA/English,Diaphoneme
Help:IPA/English,General American
Help:IPA/English,Received Pronunciation
Help:IPA/English,New Zealand English
Help:IPA/English,Australian English
Help:IPA/English,Canadian English
Help:IPA/English,Irish English
Help:IPA/English,Ulster English
Help:IPA/English,Scottish English
Help:IPA/English,South African English
Help:IPA/English,Welsh English
Help:IPA/English,Open front unrounded vowel
Help:IPA/English,Near-open front unrounded vowel
Help:IPA/English,Open front unrounded vowel
Help:IPA/English,International Phonetic Alphabet chart for English dialects
Help:IPA/English,Rhoticity in English
Help:IPA/English,Help:Pronunciation respelling key
