iPhone 8,Flash (photography)
iPhone 8,Autofocus
iPhone 8,IR filter
iPhone 8,Burst mode (photography)
iPhone 8,F-number
iPhone 8,4K resolution
iPhone 8,Frame rate
iPhone 8,1080p
iPhone 8,Slow-motion
iPhone 8,1080p
iPhone 8,Timelapse
iPhone 8,Panorama
iPhone 8,Facial recognition system
iPhone 8,Digital image stabilization
iPhone 8,Optical image stabilization
iPhone 8,Smartphone
iPhone 8,Apple Inc.
iPhone 8,IPhone X
iPhone 8,Steve Jobs Theater
iPhone 8,Apple Park
iPhone 8,IPhone 7
iPhone 8,Wireless charging
iPhone 8,Apple A11
iPhone 8,Steve Jobs Theater
iPhone 8,Apple Park
iPhone 8,IPhone 7
iPhone 8,HDR10
iPhone 8,Dolby Vision
iPhone 8,Standard-dynamic-range video
iPhone 8,Autofocus
iPhone 8,F-number
iPhone 8,Optical image stabilization
iPhone 8,4K resolution
iPhone 8,Frame rate
iPhone 8,Telephoto
iPhone 8,Face detection
iPhone 8,High-dynamic-range imaging
iPhone 8,Apple A11 Bionic
iPhone 8,System-on-chip
iPhone 8,Graphics processing unit
iPhone 8,Gigabyte
iPhone 8,Qi (standard)
iPhone 8,Wireless charging
iPhone 8,IP Code
iPhone 8,IOS 11
iPhone 8,Ars Technica
iPhone 8,Engadget
iPhone 8,TechRadar
iPhone 8,Wired (website)
iPhone 8,The Verge
iPhone 8,DxOMark
iPhone 8,Samsung Galaxy Note 8
iPhone 8,Pixel 2
iPhone 8,IPhone 7
Flash (photography),Photography
Flash (photography),Lighting
Flash (photography),Color temperature
Flash (photography),Kelvin
Flash (photography),Wikipedia:Citation needed
Flash (photography),Camera
Flash (photography),Hot shoe
Flash (photography),Mains power
Flash (photography),Flash synchronization
Flash (photography),Magnesium
Flash (photography),Henry Enfield Roscoe
Flash (photography),William Mather
Flash (photography),Flash powder
Flash (photography),Potassium chlorate
Flash (photography),Adolf Miethe
Flash (photography),Joshua Lionel Cowen
Flash (photography),Carbon arc lamp
Flash (photography),Pyrotechnics
Flash (photography),Oxygen
Flash (photography),Camera
Flash (photography),Shutter (photography)
Flash (photography),Zirconium
Flash (photography),Flash synchronization
Flash (photography),Press camera
Flash (photography),Twin-lens reflex camera
Flash (photography),Bayonet mount
Flash (photography),World War II
Flash (photography),Kodak
Flash (photography),Instamatic
Flash (photography),Fulminate
Flash (photography),Zirconium
Flash (photography),Lead-acid battery
Flash (photography),Electronic circuit
Flash (photography),Capacitor
Flash (photography),Volt
Flash (photography),Flash tube
Flash (photography),Flash synchronization
Flash (photography),Camera
Flash (photography),Modeling light
Flash (photography),Incandescent light bulb
Flash (photography),Guide number
Flash (photography),Monolight
Flash (photography),Watt-seconds
Flash (photography),Nikon Speedlight
Flash (photography),Air-gap flash
Flash (photography),Microsecond
Flash (photography),Bullet
Flash (photography),Harold Eugene Edgerton
Flash (photography),Exploding Wire Method
Flash (photography),Mitsubishi Electric Research Laboratories
Flash (photography),Light-emitting diode
Flash (photography),Autofocus
Flash (photography),Focal-plane shutter
Flash (photography),Flash synchronization
Flash (photography),Flash synchronization
