iPhone 6,Gibibytes
iPhone 6,Smartphone
iPhone 6,Apple Inc.
iPhone 6,IPhone
iPhone 6,IPhone 5S
iPhone 6,IPhone
iPhone 6,IPhone 6S
iPhone 6,LTE (telecommunication)
iPhone 6,Wi-Fi
iPhone 6,Near field communication
iPhone 6,Mobile payments
iPhone 6,List of best-selling mobile phones
iPhone 6,Logic board
iPhone 6,Optical image stabilization
iPhone 6,IPhone 7
iPhone 6,IPhone SE
iPhone 6,IPhone (1st generation)
iPhone 6,IPhone 4S
iPhone 6,IPhone 5
iPhone 6,Mobile payments
iPhone 6,Near-field communication
iPhone 6,Android (operating system)
iPhone 6,Cupertino, California
iPhone 6,Ministry of Industry and Information Technology of the People's Republic of China
iPhone 6,China Central Television
iPhone 6,IPhone 6S
iPhone 6,IPhone SE
iPhone 6,Amazon.com
iPhone 6,Taiwan Mobile
iPhone 6,European Union
iPhone 6,North America
iPhone 6,Sprint Corporation
iPhone 6,Boost Mobile
iPhone 6,Virgin Mobile
iPhone 6,AT&T GoPhone
iPhone 6,IPad Air
iPhone 6,Retina Display
iPhone 6,16:9
iPhone 6,Pixels per inch
iPhone 6,1080p
iPhone 6,Apple A8
iPhone 6,System-on-chip
iPhone 6,Apple M8
iPhone 6,Apple M7
iPhone 6,Phil Schiller
iPhone 6,LTE (telecommunication)
iPhone 6,LTE Advanced
iPhone 6,IPhone 5s
iPhone 6,VoLTE
iPhone 6,Wi-Fi
iPhone 6,802.11ac
iPhone 6,802.11n
iPhone 6,Wi-Fi Calling
iPhone 6,Near-field communications
iPhone 6,Apple Pay
iPhone 6,Mobile payment
iPhone 6,Passbook (application)
iPhone 6,IOS 11
iPhone 6,Phase detection autofocus
iPhone 6,Optical image stabilization
iPhone 6,IOS 8
iPhone 6,IPhone 5S
iPhone 6,IOS 7
iPhone 6,IPad
iPhone 6,Landscape mode
iPhone 6,IPhone 5
iPhone 6,Re/code
iPhone 6,TechRadar
iPhone 6,HTC One (2013)
iPhone 6,Android (operating system)
iPhone 6,Windows Phone
iPhone 6,The Verge
iPhone 6,VoLTE
iPhone 6,Engadget
iPhone 6,Galaxy Note 3
iPhone 6,LG G3
iPhone 6,Germany
iPhone 6,Computer Bild
iPhone 6,9to5Mac
iPhone 6,Twitter
iPhone 6,Multi-level cell
iPhone 6,NAND Flash
iPhone 6,Brick (electronics)
iPhone 6,ITunes
iPhone 6,Logic board
iPhone 6,Integrated circuit
iPhone 6,Electromagnetic shielding
iPhone 6,IFixit
iPhone 6,IPhone 6S
iPhone 6,Censorship by Apple
iPhone 6,Microsoldering
iPhone 6,Apple Store
iPhone 6,United States District Court for the Northern District of California
iPhone 6,Class action lawsuit
Gibibyte,Byte
Gibibyte,Computer data storage
Gibibyte,Binary prefix
Gibibyte,Mebibyte
Gibibyte,Binary prefix
Gibibyte,International Electrotechnical Commission
Gibibyte,Gigabyte
Gibibyte,Tebibyte
Gibibyte,Operating system
Gibibyte,Microsoft Windows
Gibibyte,Open-source software
Gibibyte,International System of Quantities
